Headline,Sentiment
Where to watch Australian Open 2026: Live stream matches free from anywhere,Neutral
Novak Djokovic vs Carlos Alcaraz – Australian Open 2026 final,Neutral
Turkiye’s Sonmez storms into Australian Open 2026 third round,Neutral
"Alcaraz, Sabalenka make stuttering starts to Australian Open 2026",Neutral
Australian Open 2026: How Elina Svitolina Dismantled Coco Gauff,Neutral
Djokovic vs Sinner Free Streams: How to watch Australian Open 2026 semi-final from anywhere,Neutral
There's a sneaky way to watch Alcaraz vs Djokovic for FREE — stream Australian Open 2026 final,Neutral
How to watch Australian Open 2026 Tennis on 9Now — it's *FREE*,Neutral
"Alcaraz vs Zverev Free Streams: TV Channels, Start Times & Preview for Australian Open 2026 semi-final",Neutral
Alcaraz vs Djokovic Free Streams: How to watch Australian Open 2026 men's final from anywhere,Neutral
